,URL,MobileURL,Date,Title,country
0,https://phys.org/news/2019-12-chief-climate.html,https://phys.org/news/2019-12-chief-climate.amp,2019-12-01 17:30:00,UN chief warns of  point of no return  on climate change,unitedstates
1,https://forcechange.com/547716/stop-contributing-to-climate-national-security-risk/,,2019-12-01 14:45:00,Stop Contributing to Climate National Security Risk,unitedstates
2,https://www.chron.com/news/article/UN-chief-warns-of-point-of-no-return-on-14873470.php,https://www.chron.com/news/amp/UN-chief-warns-of-point-of-no-return-on-14873470.php,2019-12-01 12:45:00,UN chief warns of  point of no return  on climate change,unitedstates
3,https://www.sfgate.com/news/article/UN-chief-warns-of-point-of-no-return-on-14873470.php,https://www.sfgate.com/news/amp/UN-chief-warns-of-point-of-no-return-on-14873470.php,2019-12-01 12:45:00,UN chief warns of  point of no return  on climate change,unitedstates
4,https://www.seattlepi.com/news/article/UN-chief-warns-of-point-of-no-return-on-14873470.php,https://www.seattlepi.com/news/amp/UN-chief-warns-of-point-of-no-return-on-14873470.php,2019-12-01 13:15:00,UN chief warns of  point of no return  on climate change,unitedstates
5,https://www.chron.com/neighborhood/news/science/article/UN-chief-warns-of-point-of-no-return-on-14873470.php,https://www.chron.com/news/science/amp/UN-chief-warns-of-point-of-no-return-on-14873470.php,2019-12-01 13:45:00,UN chief warns of  point of no return  on climate change,unitedstates
6,https://www.chron.com/news/science/article/UN-chief-warns-of-point-of-no-return-on-14873470.php,https://www.chron.com/news/science/amp/UN-chief-warns-of-point-of-no-return-on-14873470.php,2019-12-01 14:00:00,UN chief warns of  point of no return  on climate change,unitedstates
7,https://www.sfgate.com/news/science/article/UN-chief-warns-of-point-of-no-return-on-14873470.php,https://www.sfgate.com/news/science/amp/UN-chief-warns-of-point-of-no-return-on-14873470.php,2019-12-01 13:30:00,UN chief warns of  point of no return  on climate change,unitedstates
8,https://vosizneias.com/2019/12/01/un-chief-warns-of-point-of-no-return-on-climate-change/,,2019-12-01 17:00:00,UN Chief Warns Of  Point Of No Return  On Climate Change,unitedstates
9,https://www.seattlepi.com/news/science/article/UN-chief-warns-of-point-of-no-return-on-14873470.php,https://www.seattlepi.com/news/science/amp/UN-chief-warns-of-point-of-no-return-on-14873470.php,2019-12-01 13:45:00,UN chief warns of  point of no return  on climate change,unitedstates
10,https://www.nhregister.com/news/science/article/UN-chief-warns-of-point-of-no-return-on-14873470.php,https://www.nhregister.com/news/science/amp/UN-chief-warns-of-point-of-no-return-on-14873470.php,2019-12-01 14:15:00,UN chief warns of  point of no return  on climate change,unitedstates
11,https://siouxcityjournal.com/news/world/un-chief-warns-of-point-of-no-return-on-climate/image_cfd3831b-04a3-52cc-8137-312047ed249e.html,,2019-12-01 14:00:00,UN chief warns of  point of no return  on climate change | World,unitedstates
12,https://siouxcityjournal.com/news/world/un-chief-warns-of-point-of-no-return-on-climate/image_12b41e11-6a90-5316-ab53-1101adf55f7b.html,,2019-12-01 14:00:00,UN chief warns of  point of no return  on climate change | World,unitedstates
13,https://www.brownsvilleherald.com/news/us_world/un-chief-warns-of-point-of-no-return-on-climate/article_9382f984-097e-58a2-b654-31c406b8ba87.html,,2019-12-01 22:00:00,UN chief warns of  point of no return  on climate change - Brownsville Herald : US & World News,unitedstates
14,http://www.startribune.com/un-chief-warns-of-point-of-no-return-on-climate-change/565656582/,http://m.startribune.com/un-chief-warns-of-point-of-no-return-on-climate-change/565656582/,2019-12-01 13:30:00,UN chief warns of  point of no return  on climate change,unitedstates
15,https://fox6now.com/2019/12/01/un-chief-warns-of-point-of-no-return-on-climate-change/,https://fox6now.com/2019/12/01/un-chief-warns-of-point-of-no-return-on-climate-change/amp/,2019-12-01 17:30:00,UN chief warns of  point of no return  on climate change,unitedstates
16,https://wsvn.com/news/us-world/un-chief-warns-of-point-of-no-return-on-climate-change/,https://wsvn.com/news/us-world/un-chief-warns-of-point-of-no-return-on-climate-change/amp/,2019-12-01 15:30:00,"UN chief warns of  point of no return  on climate change – WSVN 7News | Miami News , Weather , Sports",unitedstates
17,https://www.thetelegraph.com/news/science/article/UN-chief-warns-of-point-of-no-return-on-14873470.php,https://www.thetelegraph.com/news/science/amp/UN-chief-warns-of-point-of-no-return-on-14873470.php,2019-12-01 13:30:00,UN chief warns of  point of no return  on climate change,unitedstates
18,https://www.wsoctv.com/news/national-news/ap-top-news/un-chief-warns-of-point-of-no-return-on-climate-change/1014278933,https://www.wsoctv.com/amp/news/national-news/ap-top-news/un-chief-warns-of-point-of-no-return-on-climate-change/1014278933,2019-12-01 13:45:00,UN chief warns of  point of no return  on climate change,unitedstates
19,https://www.news4jax.com/news/world/2019/12/01/un-chief-warns-of-point-of-no-return-on-climate-change/,https://www.news4jax.com/news/world/2019/12/01/un-chief-warns-of-point-of-no-return-on-climate-change/?outputType=amp,2019-12-01 14:30:00,UN chief warns of  point of no return  on climate change,unitedstates
20,https://tucson.com/news/world/un-chief-warns-of-point-of-no-return-on-climate/article_903433c0-1bbd-5de8-8c33-5a01f181e37c.html,https://tucson.com/news/world/un-chief-warns-of-point-of-no-return-on-climate/article_903433c0-1bbd-5de8-8c33-5a01f181e37c.amp.html,2019-12-01 14:00:00,UN chief warns of  point of no return  on climate change | AP World News,unitedstates
21,https://www.actionnewsjax.com/news/world/un-chief-warns-of-point-of-no-return-on-climate-change/1014281061,https://www.actionnewsjax.com/amp/news/world/un-chief-warns-of-point-of-no-return-on-climate-change/1014281061,2019-12-01 13:45:00,UN chief warns of  point of no return  on climate change,unitedstates
22,https://lacrossetribune.com/news/world/un-chief-warns-of-point-of-no-return-on-climate/article_ae0c1644-dd79-5dd1-8def-7453dd2f3335.html,https://lacrossetribune.com/news/world/un-chief-warns-of-point-of-no-return-on-climate/article_ae0c1644-dd79-5dd1-8def-7453dd2f3335.amp.html,2019-12-01 14:00:00,UN chief warns of  point of no return  on climate change | World,unitedstates
23,https://www.expressnews.com/news/science/article/UN-chief-warns-of-point-of-no-return-on-14873470.php,https://www.expressnews.com/news/science/amp/UN-chief-warns-of-point-of-no-return-on-14873470.php,2019-12-01 13:30:00,UN chief warns of  point of no return  on climate change,unitedstates
24,https://mynorthwest.com/1620722/un-chief-warns-of-point-of-no-return-on-climate-change/,https://mynorthwest.com/1620722/un-chief-warns-of-point-of-no-return-on-climate-change/amp/,2019-12-01 15:45:00,UN chief warns of  point of no return  on climate change,unitedstates
25,https://www.fox23.com/news/world/un-chief-warns-of-point-of-no-return-on-climate-change/1014281264,https://www.fox23.com/amp/news/world/un-chief-warns-of-point-of-no-return-on-climate-change/1014281264,2019-12-01 14:00:00,UN chief warns of  point of no return  on climate change,unitedstates
26,https://www.ctpost.com/news/science/article/UN-chief-warns-of-point-of-no-return-on-14873470.php,https://www.ctpost.com/news/science/amp/UN-chief-warns-of-point-of-no-return-on-14873470.php,2019-12-01 15:15:00,UN chief warns of  point of no return  on climate change,unitedstates
27,https://trib.com/news/world/un-chief-warns-of-point-of-no-return-on-climate/article_3cbe33a2-aa85-55db-b87b-72dcd5425545.html,https://trib.com/news/world/un-chief-warns-of-point-of-no-return-on-climate/article_3cbe33a2-aa85-55db-b87b-72dcd5425545.amp.html,2019-12-01 14:15:00,UN chief warns of  point of no return  on climate change | World,unitedstates
28,https://www.voanews.com/europe/un-chief-humanitys-war-against-nature-must-stop,https://www.voanews.com/europe/un-chief-humanitys-war-against-nature-must-stop?amp,2019-12-01 15:15:00,UN Chief : Humanity  War against Nature  Must Stop,unitedstates
29,https://www.stamfordadvocate.com/news/science/article/UN-chief-warns-of-point-of-no-return-on-14873470.php,https://www.stamfordadvocate.com/news/science/amp/UN-chief-warns-of-point-of-no-return-on-14873470.php,2019-12-01 15:00:00,UN chief warns of  point of no return  on climate change,unitedstates
30,https://www.greenwichtime.com/news/science/article/UN-chief-warns-of-point-of-no-return-on-14873470.php,https://www.greenwichtime.com/news/science/amp/UN-chief-warns-of-point-of-no-return-on-14873470.php,2019-12-01 15:30:00,UN chief warns of  point of no return  on climate change,unitedstates
31,https://www.nbcnews.com/news/world/flood-fire-plague-climate-change-blamed-disasters-n1082026?cid=public-rss_20191201,https://www.nbcnews.com/news/amp/ncna1082026,2019-12-01 02:45:00,"Flood , fire and plague : Climate change blamed for disasters",unitedstates
32,https://www.newstimes.com/news/science/article/UN-chief-warns-of-point-of-no-return-on-14873470.php,https://www.newstimes.com/news/science/amp/UN-chief-warns-of-point-of-no-return-on-14873470.php,2019-12-01 18:00:00,UN chief warns of  point of no return  on climate change,unitedstates
33,https://www.readingeagle.com/ap/article/un-chief-warns-of-point-of-no-return-on-climate-change,,2019-12-01 13:45:00,UN chief warns of  point of no return  on climate change,unitedstates
34,https://www.thehour.com/news/science/article/UN-chief-warns-of-point-of-no-return-on-14873470.php,https://www.thehour.com/news/science/amp/UN-chief-warns-of-point-of-no-return-on-14873470.php,2019-12-01 17:30:00,UN chief warns of  point of no return  on climate change,unitedstates
35,https://www.usatoday.com/story/news/world/2019/12/01/un-chief-guterres-climate-change-warning/4347755002/,https://amp.usatoday.com/amp/4347755002,2019-12-01 21:15:00,Climate change : UN chief Guterres warns  point of no return  is near,unitedstates
36,https://meaww.com/jeremy-clarkson-greta-thunberg-stupid-idiot-weird-swede-bad-temper-hypocrite-climate-change-cars,https://meaww.com/amp/jeremy-clarkson-greta-thunberg-stupid-idiot-weird-swede-bad-temper-hypocrite-climate-change-cars,2019-12-01 15:45:00,"Jeremy Clarkson attacks Greta Thunberg again , calls her  a stupid idiot  and a  weird Swede with bad temper  ",unitedstates
37,https://www.americanthinker.com/articles/2019/11/republicans_will_live_to_regret_joining_climate_alarmists.html,,2019-12-01 14:00:00,Republicans Will Live to Regret Joining Climate Alarmists,unitedstates
38,https://www.breitbart.com/news/climate-crisis-has-reached-point-of-no-return-un-chief-says/,https://www.breitbart.com/news/climate-crisis-has-reached-point-of-no-return-un-chief-says/amp/,2019-12-01 18:30:00,"Climate crisis has reached  point of no return , UN chief says",unitedstates
39,https://www.spokesman.com/stories/2019/nov/30/science-warnings-us-retreat-add-urgency-to-un-clim/,http://www.spokesman.com/stories/2019/nov/30/science-warnings-us-retreat-add-urgency-to-un-clim/?amp-content=amp,2019-12-01 01:30:00,"Science warnings , U . S . retreat add urgency to U . N . climate talks",unitedstates
40,https://apnews.com/4a37cff987f846a6b0f3d6d17f147037,,2019-12-01 05:30:00,"Science warnings , US retreat add urgency to UN climate talks",unitedstates
41,https://kstp.com/national/un-secretary-general-point-of-no-return-climate-change/5567125/?cat=12678,https://amp.kstp.com/articles/un-secretary-general-point-of-no-return-climate-change-5567125.html,2019-12-01 16:00:00,UN chief warns of  point of no return  on climate change,unitedstates
42,https://www.msn.com/en-us/weather/topstories/un-chief-warns-of-e2-80-98point-of-no-return-e2-80-99-on-climate-change/ar-BBXB0gP,,2019-12-01 16:30:00,U . N . chief warns of  point of no return  on climate change,unitedstates
43,https://www.nytimes.com/aponline/2019/12/01/world/europe/ap-climate-talks.html,,2019-12-01 14:45:00,UN Chief Warns of  Point of No Return  on Climate Change,unitedstates
44,https://abcnews.go.com/Technology/wireStory/chief-warns-point-return-climate-change-67416787,https://abcnews.go.com/amp/Technology/wireStory/chief-warns-point-return-climate-change-67416787,2019-12-01 15:45:00,UN chief warns of  point of no return  on climate change,unitedstates
45,https://www.marketwatch.com/story/un-chief-warns-climate-change-point-of-no-return-looms-2019-12-01,https://www.marketwatch.com/amp/story/guid/2FA2911C-148F-11EA-A1A6-C4E787F25D7E,2019-12-01 23:30:00,UN chief warns climate change  point of no return  looms,unitedstates
46,https://time.com/5742006/united-nations-climate-change-conference/,,2019-12-01 16:00:00,Efforts to Stop Climate Change Are  Inadequate : U . N . Chief,unitedstates
47,https://abc11.com/science/un-chief-warns-of-point-of-no-return-on-climate-change/5728345/,https://abc11.com/amp/science/un-chief-warns-of-point-of-no-return-on-climate-change/5728345/,2019-12-01 18:30:00,Climate crisis : UN chief warns of  point of no return  on climate change,unitedstates
48,https://www.ksl.com/article/46683604/un-chief-warns-of-point-of-no-return-on-climate-change,,2019-12-01 20:45:00,UN chief warns of  point of no return  on climate change,unitedstates
49,https://www.seattletimes.com/nation-world/nation/un-chief-warns-of-point-of-no-return-on-climate-change/,https://www.seattletimes.com/nation-world/nation/un-chief-warns-of-point-of-no-return-on-climate-change/?amp=1,2019-12-01 15:45:00,UN chief warns of  point of no return  on climate change,unitedstates
50,https://abc13.com/science/un-chief-warns-of-point-of-no-return-on-climate-change/5728345/,https://abc13.com/amp/science/un-chief-warns-of-point-of-no-return-on-climate-change/5728345/,2019-12-01 20:30:00,Climate crisis : UN chief warns of  point of no return  on climate change,unitedstates
51,https://abc7chicago.com/science/un-chief-warns-of-point-of-no-return-on-climate-change/5728345/,https://abc7chicago.com/amp/science/un-chief-warns-of-point-of-no-return-on-climate-change/5728345/,2019-12-01 20:00:00,Climate crisis : UN chief warns of  point of no return  on climate change,unitedstates
52,https://www.ksat.com/news/world/2019/12/01/un-chief-warns-of-point-of-no-return-on-climate-change/,https://www.ksat.com/news/world/2019/12/01/un-chief-warns-of-point-of-no-return-on-climate-change/?outputType=amp,2019-12-01 15:45:00,UN chief warns of  point of no return  on climate change,unitedstates
53,https://whdh.com/news/un-chief-warns-of-point-of-no-return-on-climate-change/,https://whdh.com/news/un-chief-warns-of-point-of-no-return-on-climate-change/amp/,2019-12-01 22:45:00,"UN chief warns of  point of no return  on climate change – Boston News , Weather , Sports",unitedstates
54,https://www.clickondetroit.com/news/world/2019/12/01/un-chief-warns-of-point-of-no-return-on-climate-change/,https://www.clickondetroit.com/news/world/2019/12/01/un-chief-warns-of-point-of-no-return-on-climate-change/?outputType=amp,2019-12-01 16:15:00,UN chief warns of  point of no return  on climate change,unitedstates
55,https://www.syracuse.com/us-news/2019/12/un-chief-warns-of-point-of-no-return-on-climate-change.html,https://www.syracuse.com/us-news/2019/12/un-chief-warns-of-point-of-no-return-on-climate-change.html?outputType=amp,2019-12-01 17:30:00,UN chief warns of  point of no return  on climate change,unitedstates
56,https://abc7ny.com/science/un-chief-warns-of-point-of-no-return-on-climate-change/5728345/,https://abc7ny.com/amp/science/un-chief-warns-of-point-of-no-return-on-climate-change/5728345/,2019-12-01 17:45:00,Climate crisis : UN chief warns of  point of no return  on climate change,unitedstates
57,https://www.eagletribune.com/region/un-chief-warns-of-point-of-no-return-on-climate/article_63555921-5374-5901-80e2-befb11c884c0.html,,2019-12-01 20:45:00,UN chief warns of  point of no return  on climate change | Region,unitedstates
58,https://abc7news.com/science/un-chief-warns-of-point-of-no-return-on-climate-change/5728345/,https://abc7news.com/amp/science/un-chief-warns-of-point-of-no-return-on-climate-change/5728345/,2019-12-01 17:30:00,Climate crisis : UN chief warns of  point of no return  on climate change,unitedstates
59,https://www.wsbtv.com/news/national-news/ap-top-news/un-chief-warns-of-point-of-no-return-on-climate-change/1014280136,https://www.wsbtv.com/amp/news/national-news/ap-top-news/un-chief-warns-of-point-of-no-return-on-climate-change/1014280136,2019-12-01 15:00:00,UN chief warns of  point of no return  on climate change,unitedstates
60,http://westchester.news12.com/story/41390135/un-chief-warns-of-point-of-no-return-on-climate-change,,2019-12-01 16:00:00,UN chief warns of  point of no return  on climate change,unitedstates
61,http://bronx.news12.com/story/41390135/un-chief-warns-of-point-of-no-return-on-climate-change,,2019-12-01 14:45:00,UN chief warns of  point of no return  on climate change,unitedstates
62,https://www.pennlive.com/nation-world/2019/12/un-chief-warns-of-point-of-no-return-on-climate-change.html,https://www.pennlive.com/nation-world/2019/12/un-chief-warns-of-point-of-no-return-on-climate-change.html?outputType=amp,2019-12-01 15:45:00,UN chief warns of  point of no return  on climate change,unitedstates
63,http://www.thedailybeast.com/un-chief-antonio-guterres-planet-is-at-point-of-no-return-ahead-of-climate-summit-in-spain,,2019-12-01 17:45:00,U . N . Chief Antonio Guterres : Planet is at  Point of No Return  Ahead of Climate Summit in Spain,unitedstates
64,https://www.centralmaine.com/2019/11/30/scientists-warnings-u-s-retreat-add-urgency-to-u-n-climate-talks/,,2019-12-01 05:30:00,"Scientist warnings , U . S . retreat add urgency to U . N . climate talks",unitedstates
65,http://www.nwherald.com/2019/11/30/science-warnings-u-s-retreat-add-urgency-to-u-n-climate-talks/a26ote0/,,2019-12-01 10:30:00,"Science warnings , U . S . retreat add urgency to U . N . climate talks",unitedstates
66,https://www.nwherald.com/2019/11/30/science-warnings-u-s-retreat-add-urgency-to-u-n-climate-talks/a26ote0/,,2019-12-01 07:00:00,"Science warnings , U . S . retreat add urgency to U . N . climate talks",unitedstates
67,https://www.adn.com/nation-world/2019/12/01/un-chief-warns-of-point-of-no-return-on-climate-change/,https://www.adn.com/nation-world/2019/12/01/un-chief-warns-of-point-of-no-return-on-climate-change/?outputType=amp-type,2019-12-01 21:00:00,UN chief warns of  point of no return  on climate change,unitedstates
68,https://www.ibtimes.com/climate-crisis-has-reached-point-no-return-un-chief-says-2876898,,2019-12-01 19:00:00,"Climate Crisis Has Reached  Point Of No Return , UN Chief Says",unitedstates
69,https://www.stripes.com/news/europe/un-chief-warns-of-point-of-no-return-on-climate-change-1.609388,,2019-12-01 18:00:00,UN chief warns of  point of no return  on climate change - Europe,unitedstates
70,https://www.azfamily.com/news/us_world_news/un-chief-warns-of-point-of-no-return-on-climate/article_c43e8e2d-657d-5d02-9067-0063857b5aa1.html,https://www.azfamily.com/news/us_world_news/un-chief-warns-of-point-of-no-return-on-climate/article_c43e8e2d-657d-5d02-9067-0063857b5aa1.amp.html,2019-12-01 19:15:00,UN chief warns of  point of no return  on climate change | US & World News,unitedstates
71,https://www.amny.com/weather/un-chief-warns-of-point-of-no-return-on-climate-change/,,2019-12-01 17:45:00,UN chief warns of  point of no return  on climate change,unitedstates
72,http://www.orlandosentinel.com/sns-bc-climate-youth-movement-20191128-story.html,http://www.chicagotribune.com/sns-bc-climate-youth-movement-20191128-story.html?outputType=amp,2019-12-01 21:30:00,  Generation Greta : Angry youths put heat on climate talks,unitedstates
73,https://www.wpxi.com/news/national-news/ap-top-news/un-chief-warns-of-point-of-no-return-on-climate-change/1014279398,https://www.wpxi.com/amp/news/national-news/ap-top-news/un-chief-warns-of-point-of-no-return-on-climate-change/1014279398,2019-12-01 15:00:00,UN chief warns of  point of no return  on climate change,unitedstates
74,https://q13fox.com/2019/12/01/un-chief-warns-of-point-of-no-return-on-climate-change/,https://q13fox.com/2019/12/01/un-chief-warns-of-point-of-no-return-on-climate-change/amp/,2019-12-01 19:30:00,UN chief warns of  point of no return  on climate change,unitedstates
75,https://www.wftv.com/news/national-news/ap-top-news/un-chief-warns-of-point-of-no-return-on-climate-change/1014279815,https://www.wftv.com/amp/news/national-news/ap-top-news/un-chief-warns-of-point-of-no-return-on-climate-change/1014279815,2019-12-01 14:30:00,UN chief warns of  point of no return  on climate change,unitedstates
76,https://gazette.com/ap/international/un-chief-warns-of-point-of-no-return-on-climate/article_862ff704-c524-56aa-a3c4-7d5fc5735bd7.html,https://gazette.com/ap/international/un-chief-warns-of-point-of-no-return-on-climate/article_862ff704-c524-56aa-a3c4-7d5fc5735bd7.amp.html,2019-12-01 23:15:00,UN chief warns of  point of no return  on climate change | International,unitedstates
77,https://www.kmov.com/news/un-chief-warns-of-point-of-no-return-on-climate/article_29181ca0-8094-5991-b82d-ff756406348b.html,https://www.kmov.com/news/un-chief-warns-of-point-of-no-return-on-climate/article_29181ca0-8094-5991-b82d-ff756406348b.amp.html,2019-12-01 20:45:00,UN chief warns of  point of no return  on climate change | News Headlines,unitedstates
78,https://abc30.com/science/un-chief-warns-of-point-of-no-return-on-climate-change/5728345/,https://abc30.com/amp/science/un-chief-warns-of-point-of-no-return-on-climate-change/5728345/,2019-12-01 17:45:00,Climate crisis : UN chief warns of  point of no return  on climate change,unitedstates
79,https://www.economist.com/graphic-detail/2019/12/01/at-cop25-policymakers-will-try-to-lay-plans-for-a-global-carbon-market,https://amp.economist.com/graphic-detail/2019/12/01/at-cop25-policymakers-will-try-to-lay-plans-for-a-global-carbon-market,2019-12-01 21:00:00,"At COP25 , policymakers will try to lay plans for a global carbon market",unitedstates
80,https://phys.org/news/2019-12-chief-humanity-war-nature.html,https://phys.org/news/2019-12-chief-humanity-war-nature.amp,2019-12-01 17:30:00,UN chief says humanity  war against nature  must stop,unitedstates
81,https://www.courthousenews.com/un-chief-warns-of-point-of-no-return-on-climate-change/,,2019-12-01 20:30:00,UN Chief Warns of Point of No Return on Climate Change,unitedstates
82,https://poststar.com/news/national/un-chief-warns-of-point-of-no-return-on-climate/article_53f4e336-6e0a-5b3f-8f1a-5b8b91e5fe85.html,https://poststar.com/news/national/un-chief-warns-of-point-of-no-return-on-climate/article_53f4e336-6e0a-5b3f-8f1a-5b8b91e5fe85.amp.html,2019-12-01 17:15:00,UN chief warns of  point of no return  on climate change | National,unitedstates
83,https://www.wfsb.com/un-chief-warns-of-point-of-no-return-on-climate/article_dc426662-8598-5e2a-9aa9-3960f08ba78c.html,https://www.wfsb.com/un-chief-warns-of-point-of-no-return-on-climate/article_dc426662-8598-5e2a-9aa9-3960f08ba78c.amp.html,2019-12-01 19:15:00,UN chief warns of  point of no return  on climate change |,unitedstates
84,https://lasvegassun.com/news/2019/dec/01/un-chief-warns-of-point-of-no-return-on-climate-ch/,,2019-12-01 15:30:00,UN chief warns of  point of no return  on climate change - Las Vegas Sun Newspaper,unitedstates
85,https://www.wsls.com/news/2019/12/01/un-chief-warns-of-point-of-no-return-on-climate-change/,https://www.wsls.com/news/2019/12/01/un-chief-warns-of-point-of-no-return-on-climate-change/?outputType=amp,2019-12-01 20:45:00,UN chief warns of  point of no return  on climate change,unitedstates
86,https://www.wsls.com/news/world/2019/12/01/un-chief-warns-of-point-of-no-return-on-climate-change/,https://www.wsls.com/news/world/2019/12/01/un-chief-warns-of-point-of-no-return-on-climate-change/?outputType=amp,2019-12-01 15:45:00,UN chief warns of  point of no return  on climate change,unitedstates
87,https://www.kiro7.com/news/world/un-chief-warns-of-point-of-no-return-on-climate-change/1014281467,https://www.kiro7.com/amp/news/world/un-chief-warns-of-point-of-no-return-on-climate-change/1014281467,2019-12-01 13:00:00,UN chief warns of  point of no return  on climate change,unitedstates
88,https://www.clickorlando.com/news/world/2019/12/01/un-chief-warns-of-point-of-no-return-on-climate-change/,https://www.clickorlando.com/news/world/2019/12/01/un-chief-warns-of-point-of-no-return-on-climate-change/?outputType=amp,2019-12-01 13:00:00,UN chief warns of  point of no return  on climate change,unitedstates
89,https://www.nonpareilonline.com/news/national/wire/un-chief-warns-of-point-of-no-return-on-climate/article_0d2c3eb5-6473-59a1-9f1f-fb0bb34a124c.html,https://www.nonpareilonline.com/news/national/wire/un-chief-warns-of-point-of-no-return-on-climate/article_0d2c3eb5-6473-59a1-9f1f-fb0bb34a124c.amp.html,2019-12-01 20:15:00,UN chief warns of  point of no return  on climate change | Wire,unitedstates
90,https://www.smdailyjournal.com/news/world/un-chief-warns-of-point-of-no-return-on-climate/article_01b57a9d-c807-5585-bfae-94c7c93f4966.html,,2019-12-01 17:45:00,UN chief warns of  point of no return  on climate change | World,unitedstates
91,https://www.salemnews.com/news/national_news/un-chief-warns-of-point-of-no-return-on-climate/article_d3485df0-82d6-5778-8d2d-2ef0f21b40b7.html,,2019-12-01 22:15:00,UN chief warns of  point of no return  on climate change,unitedstates
92,http://www.wboc.com/story/41390135/un-chief-warns-of-point-of-no-return-on-climate-change,,2019-12-01 20:15:00,"UN chief warns of  point of no return  on climate change - WBOC - TV 16 , Delmarvas News Leader , FOX 21",unitedstates
93,https://www.idahopress.com/news/world/un-chief-warns-of-point-of-no-return-on-climate/article_d12284e6-c83e-5601-9549-d55ed110ce8e.html,https://www.idahopress.com/news/world/un-chief-warns-of-point-of-no-return-on-climate/article_d12284e6-c83e-5601-9549-d55ed110ce8e.amp.html,2019-12-01 16:00:00,UN chief warns of  point of no return  on climate change | World News,unitedstates
94,https://durangoherald.com/articles/304744-un-chief-warns-of-point-of-no-return-on-climate-change,https://durangoherald.com/amp/304744-un-chief-warns-of-point-of-no-return-on-climate-change,2019-12-01 12:45:00,UN chief warns of point of no return  on climate change,unitedstates
95,http://www.digitaljournal.com/news/world/un-chief-says-humanity-s-war-against-nature-must-stop/article/562758,,2019-12-01 16:00:00,UN chief says humanity  war against nature  must stop,unitedstates
96,https://www.ibtimes.com/un-chief-says-humanitys-war-against-nature-must-stop-2876898,,2019-12-01 16:00:00,UN Chief Says Humanity  War Against Nature  Must Stop,unitedstates
97,https://www.pressherald.com/2019/12/01/un-chief-warns-of-point-of-no-return-on-climate-change/,,2019-12-01 23:30:00,U . N . chief warns of  point of no return  on climate change,unitedstates
98,https://www.washingtonpost.com/world/europe/un-chief-warns-of-point-of-no-return-on-climate-change/2019/12/01/3076e4c6-1435-11ea-80d6-d0ca7007273f_story.html,https://www.washingtonpost.com/world/europe/un-chief-warns-of-point-of-no-return-on-climate-change/2019/12/01/3076e4c6-1435-11ea-80d6-d0ca7007273f_story.html?outputType=amp,2019-12-01 12:45:00,UN chief warns of  point of no return  on climate change,unitedstates
99,https://www.columbian.com/news/2019/nov/30/science-warnings-u-s-retreat-add-urgency-to-u-n-climate-talks/,,2019-12-01 03:45:00,"Science warnings , U . S . retreat add urgency to U . N . climate talks",unitedstates
100,https://www.wfmj.com/story/41390135/un-chief-warns-of-point-of-no-return-on-climate-change,,2019-12-01 16:45:00,UN chief warns of  point of no return  on climate change,unitedstates
101,https://www.dailyadvance.com/news/world/un-chief-warns-of-point-of-no-return-on-climate/article_de383e35-89fc-52f4-b00d-84011874f610.html,,2019-12-01 17:30:00,UN chief warns of  point of no return  on climate change | World,unitedstates
102,https://thehill.com/policy/energy-environment/472519-un-leader-rips-worlds-efforts-to-fight-climate-change-as-utterly,https://thehill.com/policy/energy-environment/472519-un-leader-rips-worlds-efforts-to-fight-climate-change-as-utterly?amp,2019-12-01 17:45:00,UN leader rips world efforts to fight climate change as  utterly inadequate  ,unitedstates
103,https://siouxcityjournal.com/news/world/un-chief-warns-of-point-of-no-return-on-climate/article_703dd268-b8ab-52ad-b3e9-ca331b07e345.html,https://siouxcityjournal.com/news/world/un-chief-warns-of-point-of-no-return-on-climate/article_703dd268-b8ab-52ad-b3e9-ca331b07e345.amp.html,2019-12-01 15:30:00,UN chief warns of  point of no return  on climate change | World,unitedstates
104,https://www.fox13memphis.com/news/un-chief-warns-of-point-of-no-return-on-climate-change/1014283514,https://www.fox13memphis.com/amp/news/un-chief-warns-of-point-of-no-return-on-climate-change/1014283514,2019-12-01 13:15:00,UN chief warns of  point of no return  on climate change,unitedstates
105,https://www.breitbart.com/entertainment/2019/11/30/john-kerry-recruits-bill-clinton-leonardo-dicaprio-for-new-climate-coalition/,https://www.breitbart.com/entertainment/2019/11/30/john-kerry-recruits-bill-clinton-leonardo-dicaprio-for-new-climate-coalition/amp/,2019-12-01 06:15:00,"John Kerry Recruits Bill Clinton , DiCaprio for New Climate Coalition",unitedstates
106,https://www.breitbart.com/politics/2019/11/30/john-kerry-recruits-bill-clinton-leonardo-dicaprio-for-new-climate-coalition/,https://www.breitbart.com/entertainment/2019/11/30/john-kerry-recruits-bill-clinton-leonardo-dicaprio-for-new-climate-coalition/amp/,2019-12-01 15:45:00,"John Kerry Recruits Bill Clinton , DiCaprio for New Climate Coalition",unitedstates
107,https://www.hjnews.com/world/un-chief-warns-of-point-of-no-return-on-climate/article_ae838e8d-b382-5804-9c03-dd86a0340a0e.html,https://www.hjnews.com/world/un-chief-warns-of-point-of-no-return-on-climate/article_ae838e8d-b382-5804-9c03-dd86a0340a0e.amp.html,2019-12-01 19:45:00,UN chief warns of  point of no return  on climate change | World news,unitedstates
108,https://www.myjournalcourier.com/news/article/UN-chief-warns-of-point-of-no-return-on-14873470.php,https://www.myjournalcourier.com/news/amp/UN-chief-warns-of-point-of-no-return-on-14873470.php,2019-12-01 12:45:00,UN chief warns of  point of no return  on climate change - Jacksonville Journal - Courier,unitedstates
109,https://www.middletownpress.com/news/article/UN-chief-warns-of-point-of-no-return-on-14873470.php,https://www.middletownpress.com/news/amp/UN-chief-warns-of-point-of-no-return-on-14873470.php,2019-12-01 13:00:00,UN chief warns of  point of no return  on climate change,unitedstates
110,https://www.politico.eu/article/mark-carney-named-un-envoy-for-climate-action/,https://www.politico.eu/article/mark-carney-named-un-envoy-for-climate-action/amp/,2019-12-01 18:00:00,Mark Carney named UN envoy for climate action,unitedstates
111,https://www.sandiegouniontribune.com/columnists/story/2019-12-01/column-on-climate-change-its-one-step-forward-maybe-two-steps-back,https://www.sandiegouniontribune.com/columnists/story/2019-12-01/column-on-climate-change-its-one-step-forward-maybe-two-steps-back?_amp=true,2019-12-01 13:15:00,"Column : On climate change , it one step forward ( maybe ), two steps back",unitedstates
112,https://www.beaumontenterprise.com/news/science/article/UN-chief-warns-of-point-of-no-return-on-14873470.php,https://www.beaumontenterprise.com/news/science/amp/UN-chief-warns-of-point-of-no-return-on-14873470.php,2019-12-01 14:30:00,UN chief warns of  point of no return  on climate change,unitedstates
113,https://www.theintelligencer.com/news/science/article/UN-chief-warns-of-point-of-no-return-on-14873470.php,https://www.theintelligencer.com/news/science/amp/UN-chief-warns-of-point-of-no-return-on-14873470.php,2019-12-01 14:15:00,UN chief warns of  point of no return  on climate change - The Edwardsville Intelligencer,unitedstates
114,https://www.malaymail.com/news/money/2019/12/01/bank-of-englands-carney-to-become-un-climate-finance-envoy/1815099,https://www.malaymail.com/amp/news/money/2019/12/01/bank-of-englands-carney-to-become-un-climate-finance-envoy/1815099,2019-12-01 18:30:00,Bank of England Carney to become UN climate finance envoy | Money,unitedstates
115,http://www.econotimes.com/The-five-corrupt-pillars-of-climate-change-denial-1568987,,2019-12-01 06:30:00,The five corrupt pillars of climate change denial,unitedstates
116,https://www.nytimes.com/reuters/2019/12/01/business/01reuters-climate-change-accord-guterres-carney.html,,2019-12-01 19:30:00,Bank of England Carney to Become U . N . Climate Finance Envoy,unitedstates
117,https://in.reuters.com/article/climate-change-accord-guterres-carney/bank-of-englands-carney-to-become-u-n-climate-finance-envoy-idINKBN1Y511O,https://in.mobile.reuters.com/article/amp/idINKBN1Y511O,2019-12-01 16:30:00,Bank of England Carney to become U . N . climate finance envoy,unitedstates
118,https://uk.reuters.com/article/uk-climate-change-accord-carney/bank-of-englands-carney-to-become-u-n-climate-finance-envoy-idUKKBN1Y5128,https://uk.mobile.reuters.com/article/amp/idUKKBN1Y5128,2019-12-01 16:30:00,Bank of England Carney to become U . N . climate finance envoy,unitedstates
119,https://www.reuters.com/article/us-climate-change-accord-guterres-carney/bank-of-englands-carney-to-become-u-n-climate-finance-envoy-idUSKBN1Y512I,https://mobile.reuters.com/article/amp/idUSKBN1Y512I,2019-12-01 16:15:00,Bank of England Carney to become U . N . climate finance envoy,unitedstates
120,https://www.rawstory.com/2019/12/un-chief-says-humanitys-war-against-nature-must-stop/,https://www.rawstory.com/2019/12/un-chief-says-humanitys-war-against-nature-must-stop/amp/,2019-12-01 15:00:00,UN chief says humanity  war against nature  must stop – Raw Story,unitedstates
121,http://freerepublic.com/focus/f-news/3797651/posts,,2019-12-01 20:30:00,Republicans Will Live to Regret Joining Climate Alarmists,unitedstates
122,http://news.trust.org/item/20191201150521-nad1u,http://mercury.postlight.com/amp?url=http://news.trust.org/item/20191201150521-nad1u/,2019-12-01 16:00:00,Bank of England Carney to become U . N . climate finance ... ,unitedstates
123,http://www.marklevinshow.com/news/pelosi-to-lead-group-of-democratic-lawmakers-to-un-climate-change-conference/,,2019-12-01 00:15:00,Pelosi to lead group of Democratic lawmakers to UN climate change conference,unitedstates
124,https://slate.com/news-and-politics/2019/12/united-nations-antonio-guterres-point-no-return-climate-change.html,https://slate.com/news-and-politics/2019/12/united-nations-antonio-guterres-point-no-return-climate-change.amp,2019-12-01 23:15:00,U . N . chief warns  point of no return  on climate change  is in sight . ,unitedstates
125,https://www.thegardenisland.com/2019/12/01/news/un-chief-warns-of-point-of-no-return-on-climate-change/,,2019-12-01 18:00:00,UN chief warns of  point of no return  on climate change,unitedstates
126,https://www.clintonherald.com/region/un-chief-warns-of-point-of-no-return-on-climate/article_34f3f18c-07f0-5a82-88ac-c0e94ca8d400.html,,2019-12-01 14:45:00,UN chief warns of  point of no return  on climate change | Region,unitedstates
127,http://www.standard-journal.com/news/news_ap/article_dd4a69ea-006f-5cef-8c36-cb48ac4fc874.html,,2019-12-01 14:30:00,UN chief warns of  point of no return  on climate change | AP,unitedstates
128,http://www.dailyjournal.net/2019/12/01/climate-talks-2/,,2019-12-01 13:30:00,UN chief warns of  point of no return  on climate change,unitedstates
129,https://www.voiceofalexandria.com/news/world/un-chief-warns-of-point-of-no-return-on-climate/article_3458bf3d-e9e6-5fd8-8189-f71b298f78ea.html,,2019-12-01 14:15:00,UN chief warns of  point of no return  on climate change | World News,unitedstates
130,https://www.heraldbulletin.com/news/nation_world/un-chief-warns-of-point-of-no-return-on-climate/article_19864c5d-4ba2-5ed3-bffc-ab16897b0db0.html,,2019-12-01 15:00:00,UN chief warns of  point of no return  on climate change | Nation & World,unitedstates
131,http://news.trust.org/item/20191201150521-nad1u/,http://mercury.postlight.com/amp?url=http://news.trust.org/item/20191201150521-nad1u/,2019-12-01 17:15:00,Bank of England Carney to become U . N . climate finance ... ,unitedstates
132,https://www.registercitizen.com/news/science/article/UN-chief-warns-of-point-of-no-return-on-14873470.php,https://www.registercitizen.com/news/science/amp/UN-chief-warns-of-point-of-no-return-on-14873470.php,2019-12-01 16:30:00,UN chief warns of  point of no return  on climate change,unitedstates
133,https://www.ourmidland.com/news/science/article/UN-chief-warns-of-point-of-no-return-on-14873470.php,https://www.ourmidland.com/news/science/amp/UN-chief-warns-of-point-of-no-return-on-14873470.php,2019-12-01 17:15:00,UN chief warns of  point of no return  on climate change,unitedstates
134,https://www.middletownpress.com/news/science/article/UN-chief-warns-of-point-of-no-return-on-14873470.php,https://www.middletownpress.com/news/science/amp/UN-chief-warns-of-point-of-no-return-on-14873470.php,2019-12-01 18:00:00,UN chief warns of  point of no return  on climate change,unitedstates
135,https://www.myjournalcourier.com/news/science/article/UN-chief-warns-of-point-of-no-return-on-14873470.php,https://www.myjournalcourier.com/news/science/amp/UN-chief-warns-of-point-of-no-return-on-14873470.php,2019-12-01 20:45:00,UN chief warns of  point of no return  on climate change - Jacksonville Journal - Courier,unitedstates
136,https://www.michigansthumb.com/news/science/article/UN-chief-warns-of-point-of-no-return-on-14873470.php,https://www.michigansthumb.com/news/science/amp/UN-chief-warns-of-point-of-no-return-on-14873470.php,2019-12-01 15:00:00,UN chief warns of  point of no return  on climate change,unitedstates
137,https://uk.reuters.com/article/us-climate-change-accord-guterres-carney/bank-of-englands-carney-to-become-u-n-climate-finance-envoy-idUKKBN1Y512I,https://uk.mobile.reuters.com/article/amp/idUKKBN1Y512I,2019-12-01 18:15:00,Bank of England Carney to become U . N . climate finance envoy,unitedstates
138,https://www.recorder.com/ltr-bourbeau-EvolutionofClimateChange-30809773,,2019-12-01 15:00:00,The Recorder - The real climate problem,unitedstates
139,https://www.bignewsnetwork.com/news/263254705/un-chief-humanitys-war-against-nature-must-stop,,2019-12-01 18:45:00,UN Chief : Humanity  War against Nature  Must Stop,unitedstates
140,https://www.haitisun.com/news/263254705/un-chief-humanitys-war-against-nature-must-stop,,2019-12-01 20:15:00,UN Chief : Humanity  War against Nature  Must Stop,unitedstates
141,https://www.ohiostandard.com/news/263254705/un-chief-humanitys-war-against-nature-must-stop,,2019-12-01 20:15:00,UN Chief : Humanity  War against Nature  Must Stop,unitedstates
142,https://www.coloradostar.com/news/263254705/un-chief-humanitys-war-against-nature-must-stop,,2019-12-01 20:45:00,UN Chief : Humanity  War against Nature  Must Stop,unitedstates
143,https://www.caribbeanherald.com/news/263254705/un-chief-humanitys-war-against-nature-must-stop,,2019-12-01 21:00:00,UN Chief : Humanity  War against Nature  Must Stop,unitedstates
144,http://www.spacedaily.com/afp/191201134900.wggvolyx.html,,2019-12-01 14:30:00,UN chief says humanity  war against nature  must stop,unitedstates
145,https://www.centralmaine.com/2019/12/01/climate-action-wont-affect-mother-nature/,,2019-12-01 10:30:00,Climate action wont affect mother nature - CentralMaine . com,unitedstates
146,https://cbs4indy.com/2019/12/01/un-chief-warns-of-climate-changes-point-of-no-return/,https://cbs4indy.com/2019/12/01/un-chief-warns-of-climate-changes-point-of-no-return/amp/,2019-12-01 22:30:00,"UN chief warns of climate change  point of no return  | CBS 4 - Indianapolis News , Weather , Traffic and Sports",unitedstates
147,http://news.trust.org/item/20191125141416-x6lfx/,http://mercury.postlight.com/amp?url=http://news.trust.org/item/20191125141416-x6lfx/,2019-12-01 17:00:00,PREVIEW - Under pressure : governments urged to energise ... ,unitedstates
148,https://www.msn.com/en-gb/news/uknews/poor-states-e2-80-98need-extra-cash-to-combat-climate-crisis-threats-e2-80-99/ar-BBXA5YX,,2019-12-01 08:45:00,Poor states  need extra cash to combat climate crisis threats  ,unitedstates
149,https://www.bakersfield.com/ap/national/eu-s-von-der-leyen-to-pose-a-climate-challenge/article_3742d6f8-7464-51db-a717-b29b67c1ea0b.html,,2019-12-01 22:45:00,"EU von der Leyen to pose a climate challenge to China , U . S . | National",unitedstates
150,https://grist.org/politics/politicians-have-come-a-long-way-on-climate-since-2016-are-voters-ready/,https://grist.org/politics/politicians-have-come-a-long-way-on-climate-since-2016-are-voters-ready/amp/,2019-12-01 10:30:00,Politicians have come a long way on climate since 2016 . Are voters ready ? ,unitedstates
151,https://physicstoday.scitation.org/doi/10.1063/PT.3.4365,,2019-12-01 13:15:00,Climate and weather in Physics Today,unitedstates
152,https://www.waaytv.com/content/news/Science-warnings-US-retreat-add-urgency-to-UN-climate-talks-565646221.html,http://www.waaytv.com/templates/AMP?contentID=565646221,2019-12-01 00:15:00,"Science warnings , US retreat add urgency to UN climate talks",unitedstates
153,https://www.couriernews.com/protests-add-urgency-to-climate-talks/article_fb515c92-4c30-5ddd-969f-6c4e4f2b190c.html,,2019-12-01 14:45:00,Protests add urgency to climate talks,unitedstates
154,https://www.truthdig.com/articles/earth-nears-irreversible-tipping-points/,https://www.truthdig.com/articles/earth-nears-irreversible-tipping-points/?amp,2019-12-01 20:30:00,Earth Nears Irreversible Tipping Points,unitedstates
155,http://www.therepublic.com/2019/12/01/climate-talks-2/,,2019-12-01 16:30:00,UN chief warns of  point of no return  on climate change,unitedstates
156,https://www.cadillacnews.com/business/un-chief-warns-of-point-of-no-return-on-climate/article_99d8f7ee-a245-5bc6-af2e-bc687686473e.html,,2019-12-01 17:30:00,UN chief warns of  point of no return  on climate change | Business,unitedstates
157,https://www.rushvillerepublican.com/news/nation_world/un-chief-warns-of-point-of-no-return-on-climate/article_1751e66d-4ec3-5488-b5ef-dd1093d28036.html,,2019-12-01 16:45:00,UN chief warns of  point of no return  on climate change | Nation & World News,unitedstates
158,https://www.goskagit.com/news/world/un-chief-warns-of-point-of-no-return-on-climate/article_d0cd96d2-06e3-5f9f-8e21-b323640bc1de.html,https://www.goskagit.com/news/world/un-chief-warns-of-point-of-no-return-on-climate/article_d0cd96d2-06e3-5f9f-8e21-b323640bc1de.amp.html,2019-12-01 16:45:00,UN chief warns of  point of no return  on climate change | News,unitedstates
159,https://www.thepublicopinion.com/ap/international/un-chief-warns-of-point-of-no-return-on-climate/article_d2d01059-73c2-5eec-aaf7-bbfaf3551703.html,,2019-12-01 17:00:00,UN chief warns of  point of no return  on climate change | International,unitedstates
160,https://thecourier.com/national-news/2019/12/01/un-chief-warns-of-point-of-no-return-on-climate-change/,,2019-12-01 16:00:00,UN chief warns of  point of no return  on climate change,unitedstates
161,http://www.bradfordera.com/news/world/un-chief-warns-of-point-of-no-return-on-climate/article_03c042c7-91ee-5ed6-81a8-26180e37e1c4.html,,2019-12-01 16:00:00,UN chief warns of  point of no return  on climate change | World,unitedstates
162,https://www.ncnewsonline.com/news/national/un-chief-warns-of-point-of-no-return-on-climate/article_360b1f9e-78b8-5d5d-9213-26446cb733b3.html,,2019-12-01 15:30:00,UN chief warns of  point of no return  on climate change | National,unitedstates
163,https://www.hawaiipublicradio.org/post/un-chief-warns-point-no-return-climate-change,,2019-12-01 19:00:00,UN Chief Warns Of  Point Of No Return  On Climate Change,unitedstates
164,https://www.hpr2.org/post/un-chief-warns-point-no-return-climate-change,,2019-12-01 18:45:00,UN Chief Warns Of  Point Of No Return  On Climate Change,unitedstates
165,http://www.oleantimesherald.com/news/world/un-chief-warns-of-point-of-no-return-on-climate/article_f9085b97-f4a8-562b-b95f-72c918c07057.html,,2019-12-01 18:45:00,UN chief warns of  point of no return  on climate change | World,unitedstates
166,https://www.ivpressonline.com/news/world/un-chief-warns-of-point-of-no-return-on-climate/article_31121f6d-b083-5320-9512-d43777361b3e.html,,2019-12-01 16:15:00,UN chief warns of  point of no return  on climate change | World,unitedstates
167,https://www.djournal.com/news/nation-world/un-chief-warns-of-point-of-no-return-on-climate/article_f5c5ef7e-f4e5-58b6-b740-c1080f192e28.html,,2019-12-01 16:15:00,UN chief warns of  point of no return  on climate change | Nation & World,unitedstates
168,http://www.vindy.com/wire/?category=6&ID=105084,,2019-12-01 23:30:00,"UN chief warns of  point of no return  on climate change | News , Sports , Jobs",unitedstates
169,http://www.spacedaily.com/afp/191201163526.zbzxfhg0.html,,2019-12-01 23:00:00,"Climate crisis has reached  point of no return , UN chief says",unitedstates
170,https://www.wvgazettemail.com/ap/international/un-chief-warns-of-point-of-no-return-on-climate/article_375d6f82-1b72-53b5-a5c7-fb926e5b2f8b.html,,2019-12-01 23:15:00,UN chief warns of  point of no return  on climate change | International,unitedstates
171,https://www.waaytv.com/content/news/UN-chief-warns-of-point-of-no-return-on-climate-change-565663381.html,http://www.waaytv.com/templates/AMP?contentID=565663381,2019-12-01 22:00:00,UN chief warns of  point of no return  on climate change,unitedstates
172,https://www.abc57.com/news/un-chief-warns-of-point-of-no-return-on-climate-change,,2019-12-01 20:45:00,UN chief warns of point of no return on climate change,unitedstates
173,https://www.bgdailynews.com/news/international/un-chief-warns-of-point-of-no-return-on-climate/article_17401988-5253-5628-add4-dee2c7e1bbcc.html,,2019-12-01 21:00:00,UN chief warns of  point of no return  on climate change | International,unitedstates
174,https://www.greensburgdailynews.com/news/nation_world/un-chief-warns-of-point-of-no-return-on-climate/article_ab5ab202-6678-5963-91ec-0970a4ec6cf3.html,,2019-12-01 15:15:00,UN chief warns of  point of no return  on climate change | Nation World,unitedstates
175,https://www.rockymounttelegram.com/news/world/un-chief-warns-of-point-of-no-return-on-climate/article_861cd9a7-80e9-58c5-8dda-83bcae8f9e12.html,,2019-12-01 15:45:00,UN chief warns of  point of no return  on climate change | World,unitedstates
176,http://www.kurv.com/un-chief-warns-of-point-of-no-return-on-climate-change/,,2019-12-01 15:00:00,UN Chief Warns Of  Point Of No Return  On Climate Change – 710am KURV,unitedstates
177,http://www.tribtown.com/2019/12/01/climate-talks-2/,,2019-12-01 15:00:00,UN chief warns of  point of no return  on climate change,unitedstates
178,https://www.houstonchronicle.com/news/houston-texas/houston/article/Climate-change-threatens-nearly-80-of-Superfund-14871811.php,https://www.houstonchronicle.com/news/houston-texas/houston/amp/Climate-change-threatens-nearly-80-of-Superfund-14871811.php,2019-12-01 10:30:00,"Climate change threatens nearly 80 % of Superfund sites in Houston area , GAO says",unitedstates
179,https://www.dallasnews.com/opinion/commentary/2019/12/01/we-are-throwing-money-at-the-wrong-solutions-to-climate-change/,,2019-12-01 12:15:00,We are throwing money at the wrong solutions to climate change,unitedstates
180,https://www.1310news.com/2019/12/01/un-chief-warns-of-point-of-no-return-on-climate-change/,https://www.1310news.com/2019/12/01/un-chief-warns-of-point-of-no-return-on-climate-change/amp/,2019-12-01 14:45:00,UN chief warns of  point of no return  on climate change,unitedstates
181,https://www.politico.com/news/2019/12/01/climate-change-point-no-return-074610,,2019-12-01 16:45:00,U . N . chief warns of  point of no return  on climate change,unitedstates
182,https://www.bostonglobe.com/2019/12/01/chief-warns-point-return-climate-change/XQomjHehnrb01R6DmhWCsI/story.html,https://www.bostonglobe.com/2019/12/01/chief-warns-point-return-climate-change/XQomjHehnrb01R6DmhWCsI/story.html?outputType=amp,2019-12-01 22:30:00,UN chief warns of  point of no return  on climate change,unitedstates
183,https://www.kob.com/news/un-chief-warns-of-point-of-no-return-on-climate-change/5567112/?cat=649,https://amp.kob.com/articles/un-chief-warns-of-point-of-no-return-on-climate-change-5567112.html,2019-12-01 15:15:00,UN chief warns of  point of no return  on climate change,unitedstates
184,https://www.ksl.com/article/46683484/here-is-the-latest-news-from-the-associated-press-at-1240-pm-est,,2019-12-01 18:15:00,Here is the latest news from The Associated Press at 12 : 40 p . m . EST,unitedstates
185,https://www.seattletimes.com/nation-world/john-kerry-launches-star-studded-climate-coalition/,https://www.seattletimes.com/nation-world/john-kerry-launches-star-studded-climate-coalition/?amp=1,2019-12-01 02:15:00,John Kerry Launches Star - Studded Climate Coalition,unitedstates
186,http://freerepublic.com/focus/f-news/3797504/posts,,2019-12-01 00:30:00,Pelosi heading to Madrid for UN climate change convention,unitedstates
187,http://www.spacedaily.com/afp/191201151950.us1lil5h.html,,2019-12-01 23:00:00,UN chief says humanity  war against nature  must stop,unitedstates
188,https://www.nbcnews.com/science/environment/tree-planting-campaigns-are-gaining-momentum-climate-researchers-warn-they-n1079961?cid=public-rss_20191201,https://www.nbcnews.com/news/amp/ncna1079961,2019-12-01 02:45:00,"Tree - planting campaigns are gaining momentum , but climate researchers warn theyre not a silver bullet",unitedstates
189,https://www.nytimes.com/reuters/2019/12/01/world/europe/01reuters-climate-change-accord-guterres.html,,2019-12-01 19:30:00,"  War Against Nature Must Stop , U . N . Chief Says Before Climate Talks",unitedstates
190,https://www.washingtonpost.com/opinions/time-for-americans-to-see-red-and-go-green/2019/12/01/1fb405f0-12d8-11ea-924c-b34d09bbc948_story.html,https://www.washingtonpost.com/opinions/time-for-americans-to-see-red-and-go-green/2019/12/01/1fb405f0-12d8-11ea-924c-b34d09bbc948_story.html?outputType=amp,2019-12-01 23:15:00,Time for Americans to see red and go green - The Washington Post,unitedstates
191,https://in.reuters.com/article/climate-change-accord-guterres/war-against-nature-must-stop-u-n-chief-says-before-climate-talks-idINKBN1Y5148,https://in.mobile.reuters.com/article/amp/idINKBN1Y5148,2019-12-01 16:30:00,"  War against nature must stop , U . N . chief says before climate talks",unitedstates
192,https://uk.reuters.com/article/uk-climate-change-accord-guterres/war-against-nature-must-stop-u-n-chief-says-before-climate-talks-idUKKBN1Y5146,https://uk.mobile.reuters.com/article/amp/idUKKBN1Y5146,2019-12-01 16:30:00,"  War against nature must stop , U . N . chief says before climate talks",unitedstates
193,https://www.euronews.com/2019/12/01/war-against-nature-must-stop-un-chief-says-before-climate-talks,,2019-12-01 15:45:00,"  War against nature must stop , U . N . chief says before climate talks",unitedstates
194,http://www.dailypress.com/sns-bc-climate-protests-20191129-story.html,http://www.chicagotribune.com/news/nationworld/sns-bc-climate-protests-20191129-story.html?outputType=amp,2019-12-01 00:45:00,Global climate protests ahead of Madrid meeting,unitedstates
195,https://www.voanews.com/europe/climate-talks-open-madrid-amid-dire-warnings,https://www.voanews.com/europe/climate-talks-open-madrid-amid-dire-warnings?amp,2019-12-01 09:00:00,Climate Talks Open in Madrid Amid Dire Warnings,unitedstates
196,https://finance.yahoo.com/news/watch-top-polluter-heads-global-000000207.html,https://finance.yahoo.com/amphtml/news/watch-top-polluter-heads-global-000000207.html,2019-12-01 01:30:00,What to Watch as Top Polluter Heads to Global Climate Talks,unitedstates
197,https://www.reuters.com/article/us-climate-change-accord-guterres/war-against-nature-must-stop-u-n-chief-says-before-climate-talks-idUSKBN1Y514H,https://mobile.reuters.com/article/amp/idUSKBN1Y514H,2019-12-01 15:45:00,"  War against nature must stop , U . N . chief says before climate talks",unitedstates
198,https://isp.netscape.com/news/world/story/0002/20191201/KBN1Y514H_1,,2019-12-01 17:00:00,"  War against nature must stop , U . N . chief says before climate talks",unitedstates
199,http://www.malibutimes.com/opinion/article_04d2fb5c-13a4-11ea-b2dc-2fc207ad7af7.html,,2019-12-01 19:00:00,Letter : The Real Threat,unitedstates
200,https://www.oann.com/war-against-nature-must-stop-u-n-chief-says-before-climate-talks/,,2019-12-01 16:00:00,"  War against nature must stop , U . N . chief says before climate talks",unitedstates
201,http://news.trust.org/item/20191201140949-6rlh5,http://mercury.postlight.com/amp?url=http://news.trust.org/item/20191201140949-6rlh5/,2019-12-01 15:30:00,"  War against nature must stop , UN chief says before climate ... ",unitedstates
202,https://en.trend.az/world/europe/3157070.html,,2019-12-01 17:15:00,Bank of England Carney to become U . N . climate finance envoy,unitedstates
203,https://www.politico.eu/author/zack-colman/,,2019-12-01 08:15:00,Zack Colman,unitedstates
204,https://www.breitbart.com/clips/2019/11/30/dem-rep-casten-the-climate-crisis-is-the-greatest-test-we-have-ever-faced/,https://www.breitbart.com/clips/2019/11/30/dem-rep-casten-the-climate-crisis-is-the-greatest-test-we-have-ever-faced/amp/,2019-12-01 04:15:00,Dem Rep . Casten :  The Climate Crisis Is the Greatest Test We Have Ever Faced  ,unitedstates
205,https://www.breitbart.com/politics/2019/11/30/dem-rep-casten-the-climate-crisis-is-the-greatest-test-we-have-ever-faced/,https://www.breitbart.com/clips/2019/11/30/dem-rep-casten-the-climate-crisis-is-the-greatest-test-we-have-ever-faced/amp/,2019-12-01 20:45:00,Dem Rep . Casten :  The Climate Crisis Is the Greatest Test We Have Ever Faced  ,unitedstates
206,http://www.wbmq.net/news/pelosi-to-lead-group-of-democratic-lawmakers-to-un-climate-change-conference/,,2019-12-01 01:30:00,Pelosi to lead group of Democratic lawmakers to UN climate change conference,unitedstates
207,http://www.wbap.com/news/pelosi-to-lead-group-of-democratic-lawmakers-to-un-climate-change-conference/,,2019-12-01 00:30:00,Pelosi to lead group of Democratic lawmakers to UN climate change conference,unitedstates
208,http://www.wvnn.com/news/pelosi-to-lead-group-of-democratic-lawmakers-to-un-climate-change-conference/,,2019-12-01 01:00:00,Pelosi to lead group of Democratic lawmakers to UN climate change conference,unitedstates
209,http://www.newsradio1029.com/news/pelosi-to-lead-group-of-democratic-lawmakers-to-un-climate-change-conference/,,2019-12-01 01:00:00,Pelosi to lead group of Democratic lawmakers to UN climate change conference,unitedstates
210,http://www.wcoapensacola.com/news/pelosi-to-lead-group-of-democratic-lawmakers-to-un-climate-change-conference/,,2019-12-01 01:15:00,Pelosi to lead group of Democratic lawmakers to UN climate change conference,unitedstates
211,http://www.firstlightradio.com/news/pelosi-to-lead-group-of-democratic-lawmakers-to-un-climate-change-conference/,,2019-12-01 00:45:00,Pelosi to lead group of Democratic lawmakers to UN climate change conference,unitedstates
212,http://www.kgoradio.com/news/pelosi-to-lead-group-of-democratic-lawmakers-to-un-climate-change-conference/,,2019-12-01 00:00:00,Pelosi to lead group of Democratic lawmakers to UN climate change conference,unitedstates
213,http://www.1590walg.com/news/pelosi-to-lead-group-of-democratic-lawmakers-to-un-climate-change-conference/,,2019-12-01 00:00:00,Pelosi to lead group of Democratic lawmakers to UN climate change conference,unitedstates
214,http://www.supertalk1570.com/news/pelosi-to-lead-group-of-democratic-lawmakers-to-un-climate-change-conference/,,2019-12-01 00:00:00,Pelosi to lead group of Democratic lawmakers to UN climate change conference,unitedstates
215,http://www.660wxqw.com/news/pelosi-to-lead-group-of-democratic-lawmakers-to-un-climate-change-conference/,,2019-12-01 00:00:00,Pelosi to lead group of Democratic lawmakers to UN climate change conference,unitedstates
216,http://www.kkoh.com/news/pelosi-to-lead-group-of-democratic-lawmakers-to-un-climate-change-conference/,,2019-12-01 02:30:00,Pelosi to lead group of Democratic lawmakers to UN climate change conference,unitedstates
217,http://www.980waav.com/news/pelosi-to-lead-group-of-democratic-lawmakers-to-un-climate-change-conference/,,2019-12-01 01:45:00,Pelosi to lead group of Democratic lawmakers to UN climate change conference,unitedstates
218,http://www.wfnc640am.com/news/pelosi-to-lead-group-of-democratic-lawmakers-to-un-climate-change-conference/,,2019-12-01 01:45:00,Pelosi to lead group of Democratic lawmakers to UN climate change conference,unitedstates
219,http://www.1090kaay.com/news/pelosi-to-lead-group-of-democratic-lawmakers-to-un-climate-change-conference/,,2019-12-01 01:45:00,Pelosi to lead group of Democratic lawmakers to UN climate change conference,unitedstates
220,http://www.kmaj1440.com/news/pelosi-to-lead-group-of-democratic-lawmakers-to-un-climate-change-conference/,,2019-12-01 02:15:00,Pelosi to lead group of Democratic lawmakers to UN climate change conference,unitedstates
221,http://www.wgow.com/news/pelosi-to-lead-group-of-democratic-lawmakers-to-un-climate-change-conference/,,2019-12-01 02:15:00,Pelosi to lead group of Democratic lawmakers to UN climate change conference,unitedstates
222,http://www.newsradio1440.com/news/pelosi-to-lead-group-of-democratic-lawmakers-to-un-climate-change-conference/,,2019-12-01 02:15:00,Pelosi to lead group of Democratic lawmakers to UN climate change conference,unitedstates
223,http://www.wftw.com/news/pelosi-to-lead-group-of-democratic-lawmakers-to-un-climate-change-conference/,,2019-12-01 02:15:00,Pelosi to lead group of Democratic lawmakers to UN climate change conference,unitedstates
224,https://www.newsherald.com/opinion/20191201/guest-editorial-appoint-scientists-to-run-scientific-agencies,https://www.newsherald.com/opinion/20191201/guest-editorial-appoint-scientists-to-run-scientific-agencies?template=ampart,2019-12-01 15:00:00,GUEST EDITORIAL : Appoint scientists to run scientific agencies - Opinion - Panama City News Herald,unitedstates
225,http://news.trust.org/item/20191201140949-6rlh5/,http://mercury.postlight.com/amp?url=http://news.trust.org/item/20191201140949-6rlh5/,2019-12-01 19:00:00,"  War against nature must stop , UN chief says before climate ... ",unitedstates
226,https://wnmtradio.com/news/articles/2019/dec/01/bank-of-englands-carney-to-become-un-climate-finance-envoy/962471/,,2019-12-01 16:00:00,Bank of England Carney to become U . N . climate finance envoy | News,unitedstates
227,https://www.sandiegouniontribune.com/news/environment/story/2019-12-02/buttigieg-uc-san-diego-climate-adviser-taking-fire,https://www.sandiegouniontribune.com/news/environment/story/2019-12-02/buttigieg-uc-san-diego-climate-adviser-taking-fire?_amp=true,2019-12-01 13:30:00,Why Buttigieg UC San Diego climate adviser is taking fire from the left,unitedstates
228,https://www.abc57.com/news/pelosi-to-lead-group-of-democratic-lawmakers-to-un-climate-change-conference,,2019-12-01 00:30:00,Pelosi to lead lawmakers to UN climate change conference,unitedstates
229,https://www.rawstory.com/2019/12/john-kerry-launches-bipartisan-group-addressing-climate-like-a-war/,https://www.rawstory.com/2019/12/john-kerry-launches-bipartisan-group-addressing-climate-like-a-war/amp/,2019-12-01 19:30:00,John Kerry launches bipartisan group addressing climate  like a war  – Raw Story,unitedstates
230,https://www.rockymounttelegram.com/opinion/editorial_columnists/climate-scientists-neither-dishonest-nor-afraid/article_1a976c9d-cd1a-59eb-9bff-0109f02d01bd.html,,2019-12-01 11:15:00,Climate scientists neither dishonest nor afraid,unitedstates
231,https://www.reflector.com/opinion/editorial_columnists/climate-scientists-neither-dishonest-of-afraid/article_185f9ea6-a91f-5a3f-89f5-491f1d3e1f4b.html,,2019-12-01 06:00:00,Climate scientists neither dishonest of afraid,unitedstates
232,https://www.reflector.com/opinion/editorial_columnists/climate-scientists-neither-dishonest-nor-afraid/article_185f9ea6-a91f-5a3f-89f5-491f1d3e1f4b.html,,2019-12-01 07:30:00,Climate scientists neither dishonest nor afraid,unitedstates
233,https://www.rockymounttelegram.com/climate-scientists-neither-dishonest-of-afraid/article_1a976c9d-cd1a-59eb-9bff-0109f02d01bd.html,,2019-12-01 07:00:00,Climate scientists neither dishonest of afraid,unitedstates
234,https://uk.news.yahoo.com/un-chief-says-war-against-154736265.html,https://uk.news.yahoo.com/amphtml/un-chief-says-war-against-154736265.html,2019-12-01 16:30:00,UN chief says  war against nature must stop  on eve of COP25,unitedstates
235,http://www.spacedaily.com/afp/191201184116.npafw41i.html,,2019-12-01 23:00:00,Kerry launches US bipartisan group addressing climate  like a war  ,unitedstates
236,http://www.mvariety.com/regional-news/117276-rising-seas-threaten-early-end-for-sinking-village-in-philippines,,2019-12-01 17:45:00,Marianas Variety - Rising seas threaten early end for sinking village in Philippines,unitedstates
237,https://www.efe.com/efe/english/portada/point-of-no-return-imminent-for-global-warming-un-chief-warns/50000260-4123252,,2019-12-01 17:45:00,"Point of no return imminent for global warming , UN chief warns | Main | English edition",unitedstates
238,https://peakoil.com/enviroment/economists-and-climate-change-building-castles-in-the-sky,,2019-12-01 18:30:00,Economists and climate change : Building castles in the sky  | Peak Oil News and Message Boards,unitedstates
239,https://www.msn.com/en-gb/news/world/war-against-nature-must-stop-un-chief-says-before-climate-talks/ar-BBXABNp,,2019-12-01 15:15:00,"  War against nature must stop , U . N . chief says before climate talks",unitedstates
240,https://www.aljazeera.com/news/2019/12/vegan-meat-revolution-solve-global-warming-191201113106992.html,https://www.aljazeera.com/amp/news/2019/12/vegan-meat-revolution-solve-global-warming-191201113106992.html,2019-12-01 14:45:00,Vegan meat revolution could help solve global warming,unitedstates
241,https://www.scientificamerican.com/article/wait-plastic-can-be-good-for-the-environment/,,2019-12-01 17:15:00,"Wait , Plastic Can Be Good for the Environment ? ",unitedstates
242,https://www.politico.eu/article/cop25-climate-summit-6-things-to-know/,https://www.politico.eu/article/cop25-climate-summit-6-things-to-know/amp/,2019-12-01 07:15:00,6 things to know about the COP25 climate summit,unitedstates
243,https://www.messenger-inquirer.com/features/business/despite-the-talk-of-coal-s-demise-it-still-powers/article_dd7cbfe3-dd51-578d-b916-2b1604b313fb.html,,2019-12-01 06:30:00,"Despite the talk of coal demise , it still powers the world",unitedstates
244,https://www.recorder.com/ltr-bates-OpEdBosClimateChng-30619710,,2019-12-01 15:00:00,The Recorder - Letter : In response to Mr . Bos of Shelburne,unitedstates
245,http://www.sun-sentinel.com/opinion/letters/fl-op-letters-sunday-trump-editorial-mixed-opinions-20191201-a6t4sjvb6rgtdl27ba5azi4fba-story.html,https://www.sun-sentinel.com/opinion/letters/fl-op-letters-sunday-trump-editorial-mixed-opinions-20191201-a6t4sjvb6rgtdl27ba5azi4fba-story.html?outputType=amp,2019-12-01 06:15:00,Trump  welcoming  editorial draws mixed opinions | Letters - South Florida Sun - Sentinel,unitedstates
246,https://www.news4jax.com/business/2019/11/30/climate-activists-invade-east-german-coal-mines-in-protest/,https://www.news4jax.com/business/2019/11/30/climate-activists-invade-east-german-coal-mines-in-protest/?outputType=amp,2019-12-01 00:15:00,Climate activists invade east German coal mines in protest,unitedstates
247,https://www.bozemandailychronicle.com/ap_news/eu-s-von-der-leyen-to-pose-a-climate-challenge/article_ed59a1b5-9ac9-5b4f-8bd5-f09447693bd2.html,,2019-12-01 21:30:00,"EU von der Leyen to pose a climate challenge to China , U . S . | Associated Press",unitedstates
248,https://www.gazettextra.com/news/nation_world/eu-s-von-der-leyen-to-pose-a-climate-challenge/article_39ee9286-6830-501d-93f5-047974abe1eb.html,,2019-12-01 21:15:00,"EU von der Leyen to pose a climate challenge to China , U . S . | Nation / World",unitedstates
249,https://www.nbcnews.com/science/environment/rising-temperatures-put-u-s-troops-risk-during-training-report-n1079156?cid=public-rss_20191201,https://www.nbcnews.com/news/amp/ncna1079156,2019-12-01 02:45:00,"Rising temperatures put U . S . troops at risk during training , report finds",unitedstates
